-- phpMyAdmin SQL Dump
-- version 4.8.4
-- https://www.phpmyadmin.net/
--
-- Host: 127.0.0.1
-- Generation Time: Apr 24, 2019 at 04:22 AM
-- Server version: 10.1.37-MariaDB
-- PHP Version: 7.3.1

SET SQL_MODE = "NO_AUTO_VALUE_ON_ZERO";
SET AUTOCOMMIT = 0;
START TRANSACTION;
SET time_zone = "+00:00";


/*!40101 SET @OLD_CHARACTER_SET_CLIENT=@@CHARACTER_SET_CLIENT */;
/*!40101 SET @OLD_CHARACTER_SET_RESULTS=@@CHARACTER_SET_RESULTS */;
/*!40101 SET @OLD_COLLATION_CONNECTION=@@COLLATION_CONNECTION */;
/*!40101 SET NAMES utf8mb4 */;

--
-- Database: `smkkadipaten`
--

-- --------------------------------------------------------

--
-- Table structure for table `account`
--

CREATE TABLE `account` (
  `id_account` int(11) NOT NULL,
  `username` varchar(100) NOT NULL,
  `password` varchar(225) NOT NULL,
  `fullname` varchar(100) NOT NULL,
  `foto` varchar(225) NOT NULL
) ENGINE=InnoDB DEFAULT CHARSET=latin1;

--
-- Dumping data for table `account`
--

INSERT INTO `account` (`id_account`, `username`, `password`, `fullname`, `foto`) VALUES
(1, 'admin', '$2y$10$P9peEI/lEzqb2W9/JsKlbuA5dR.oYw7dYnVgymTy3UcE41eSerIUq', 'Admin Smkn', 'default.png'),
(2, 'guru', '$2y$10$P9peEI/lEzqb2W9/JsKlbuA5dR.oYw7dYnVgymTy3UcE41eSerIUq', 'Guru Skmn', 'default.png');

-- --------------------------------------------------------

--
-- Table structure for table `jurusan`
--

CREATE TABLE `jurusan` (
  `id_jurusan` int(11) NOT NULL,
  `nama_jurusan` varchar(50) NOT NULL
) ENGINE=InnoDB DEFAULT CHARSET=latin1;

--
-- Dumping data for table `jurusan`
--

INSERT INTO `jurusan` (`id_jurusan`, `nama_jurusan`) VALUES
(3, 'Geologi Pertambangan'),
(4, 'Agribisnis Tanaman Pangan Dan Hortikultura'),
(5, 'Otomatisasi Tata Kelola Perkantoran'),
(6, 'Teknik Dan Bisnis Sepeda Motor'),
(8, 'Teknik Kendaraan Ringan Dan Otomotif');

-- --------------------------------------------------------

--
-- Table structure for table `kelas`
--

CREATE TABLE `kelas` (
  `id_kelas` int(11) NOT NULL,
  `nama_kelas` varchar(20) NOT NULL
) ENGINE=InnoDB DEFAULT CHARSET=latin1;

--
-- Dumping data for table `kelas`
--

INSERT INTO `kelas` (`id_kelas`, `nama_kelas`) VALUES
(1, 'X'),
(2, 'XI'),
(3, 'XII');

-- --------------------------------------------------------

--
-- Table structure for table `nilai`
--

CREATE TABLE `nilai` (
  `id_nilai` int(11) NOT NULL,
  `id_siswa` int(11) NOT NULL,
  `id_pelajaran` int(11) NOT NULL,
  `ap_1` int(11) NOT NULL,
  `ap_2` int(11) NOT NULL,
  `ap_3` int(11) NOT NULL,
  `ap_4` int(11) NOT NULL,
  `ap_5` int(11) NOT NULL,
  `ap_6` int(11) NOT NULL,
  `ak_1` int(11) NOT NULL,
  `ak_2` int(11) NOT NULL,
  `ak_3` int(11) NOT NULL,
  `ak_4` int(11) NOT NULL,
  `ak_5` int(11) NOT NULL,
  `ak_6` int(11) NOT NULL
) ENGINE=InnoDB DEFAULT CHARSET=latin1;

--
-- Dumping data for table `nilai`
--

INSERT INTO `nilai` (`id_nilai`, `id_siswa`, `id_pelajaran`, `ap_1`, `ap_2`, `ap_3`, `ap_4`, `ap_5`, `ap_6`, `ak_1`, `ak_2`, `ak_3`, `ak_4`, `ak_5`, `ak_6`) VALUES
(29, 21, 1, 0, 0, 0, 0, 0, 0, 0, 0, 0, 0, 0, 0),
(30, 21, 3, 0, 0, 0, 0, 0, 0, 0, 0, 0, 0, 0, 0),
(31, 21, 4, 0, 0, 0, 0, 0, 0, 0, 0, 0, 0, 0, 0),
(32, 21, 5, 0, 0, 0, 0, 0, 0, 0, 0, 0, 0, 0, 0),
(33, 21, 7, 0, 0, 0, 0, 0, 0, 0, 0, 0, 0, 0, 0),
(34, 21, 8, 0, 0, 0, 0, 0, 0, 0, 0, 0, 0, 0, 0),
(35, 22, 1, 80, 0, 0, 0, 0, 0, 85, 0, 0, 0, 0, 0),
(36, 22, 3, 83, 0, 0, 0, 0, 0, 85, 0, 0, 0, 0, 0),
(37, 22, 4, 0, 0, 0, 0, 0, 0, 0, 0, 0, 0, 0, 0),
(38, 22, 5, 80, 0, 0, 0, 0, 0, 82, 0, 0, 0, 0, 0),
(39, 22, 7, 0, 0, 0, 0, 0, 0, 0, 0, 0, 0, 0, 0),
(40, 22, 8, 0, 0, 0, 0, 0, 0, 0, 0, 0, 0, 0, 0);

-- --------------------------------------------------------

--
-- Table structure for table `pelajaran`
--

CREATE TABLE `pelajaran` (
  `id_pelajaran` int(11) NOT NULL,
  `nama_pelajaran` varchar(100) NOT NULL
) ENGINE=InnoDB DEFAULT CHARSET=latin1;

--
-- Dumping data for table `pelajaran`
--

INSERT INTO `pelajaran` (`id_pelajaran`, `nama_pelajaran`) VALUES
(1, 'Bahasa Indonesia'),
(3, 'Matematika'),
(4, 'Bahasa Sunda'),
(5, 'Fisika'),
(7, 'Pkn'),
(8, 'Pai');

-- --------------------------------------------------------

--
-- Table structure for table `siswa`
--

CREATE TABLE `siswa` (
  `id_siswa` int(11) NOT NULL,
  `id_kelas` int(11) NOT NULL,
  `id_jurusan` int(11) NOT NULL,
  `nis` int(11) NOT NULL,
  `nama_siswa` varchar(100) NOT NULL,
  `jenis_kelamin` enum('laki-laki','perempuan','','') NOT NULL,
  `tempat_lahir` varchar(100) NOT NULL,
  `tanggal_lahir` date NOT NULL,
  `warga_negara` varchar(100) NOT NULL,
  `agama` varchar(50) NOT NULL,
  `alamat_siswa` text NOT NULL,
  `nama_orang_tua` varchar(100) NOT NULL,
  `pekerjaan` varchar(100) NOT NULL,
  `alamat_orang_tua` text NOT NULL,
  `nama_wali` varchar(100) DEFAULT NULL,
  `alamat_wali` text,
  `pekerjaan_wali` varchar(100) DEFAULT NULL,
  `tanggal_masuk` date NOT NULL,
  `asal_sekolah` varchar(100) NOT NULL,
  `alamat_sekolah` text NOT NULL,
  `nomor_sttb` varchar(100) NOT NULL,
  `tanggal_sttb` date NOT NULL,
  `tanggal_meninggalkan_sekolah` date NOT NULL,
  `alasan_meninggalkan_sekolah` text NOT NULL,
  `tamat_nomor_sttb` varchar(100) NOT NULL,
  `tamat_tanggal_sttb` date NOT NULL,
  `keterangan_lain` text,
  `foto_siswa` varchar(225) NOT NULL,
  `s_1` int(11) NOT NULL,
  `s_2` int(11) NOT NULL,
  `s_3` int(11) NOT NULL,
  `s_4` int(11) NOT NULL,
  `s_5` int(11) NOT NULL,
  `s_6` int(11) NOT NULL,
  `i_1` int(11) NOT NULL,
  `i_2` int(11) NOT NULL,
  `i_3` int(11) NOT NULL,
  `i_4` int(11) NOT NULL,
  `i_5` int(11) NOT NULL,
  `i_6` int(11) NOT NULL,
  `a_1` int(11) NOT NULL,
  `a_2` int(11) NOT NULL,
  `a_3` int(11) NOT NULL,
  `a_4` int(11) NOT NULL,
  `a_5` int(11) NOT NULL,
  `a_6` int(11) NOT NULL,
  `th_1` varchar(20) NOT NULL,
  `th_2` varchar(20) NOT NULL,
  `th_3` varchar(20) NOT NULL,
  `catatan` text NOT NULL
) ENGINE=InnoDB DEFAULT CHARSET=latin1;

--
-- Dumping data for table `siswa`
--

INSERT INTO `siswa` (`id_siswa`, `id_kelas`, `id_jurusan`, `nis`, `nama_siswa`, `jenis_kelamin`, `tempat_lahir`, `tanggal_lahir`, `warga_negara`, `agama`, `alamat_siswa`, `nama_orang_tua`, `pekerjaan`, `alamat_orang_tua`, `nama_wali`, `alamat_wali`, `pekerjaan_wali`, `tanggal_masuk`, `asal_sekolah`, `alamat_sekolah`, `nomor_sttb`, `tanggal_sttb`, `tanggal_meninggalkan_sekolah`, `alasan_meninggalkan_sekolah`, `tamat_nomor_sttb`, `tamat_tanggal_sttb`, `keterangan_lain`, `foto_siswa`, `s_1`, `s_2`, `s_3`, `s_4`, `s_5`, `s_6`, `i_1`, `i_2`, `i_3`, `i_4`, `i_5`, `i_6`, `a_1`, `a_2`, `a_3`, `a_4`, `a_5`, `a_6`, `th_1`, `th_2`, `th_3`, `catatan`) VALUES
(22, 2, 6, 1718120, 'Sarip Hidayat', 'laki-laki', 'tasikmalaya', '2001-10-22', 'WNI', 'islam', 'jantake', '', '', '', '', '', '', '2019-04-04', '', '', '', '0000-00-00', '0000-00-00', 'Sarip Hidayat', '', '0000-00-00', '', 'front-end.jpg', 0, 0, 0, 0, 0, 0, 0, 0, 0, 0, 0, 0, 0, 0, 0, 0, 0, 0, '2018-2019', '', '', 'Nilai Sudah cukup baik dan lebih ditingkatkan lagi!!!');

--
-- Indexes for dumped tables
--

--
-- Indexes for table `account`
--
ALTER TABLE `account`
  ADD PRIMARY KEY (`id_account`);

--
-- Indexes for table `jurusan`
--
ALTER TABLE `jurusan`
  ADD PRIMARY KEY (`id_jurusan`);

--
-- Indexes for table `kelas`
--
ALTER TABLE `kelas`
  ADD PRIMARY KEY (`id_kelas`);

--
-- Indexes for table `nilai`
--
ALTER TABLE `nilai`
  ADD PRIMARY KEY (`id_nilai`);

--
-- Indexes for table `pelajaran`
--
ALTER TABLE `pelajaran`
  ADD PRIMARY KEY (`id_pelajaran`);

--
-- Indexes for table `siswa`
--
ALTER TABLE `siswa`
  ADD PRIMARY KEY (`id_siswa`);

--
-- AUTO_INCREMENT for dumped tables
--

--
-- AUTO_INCREMENT for table `account`
--
ALTER TABLE `account`
  MODIFY `id_account` int(11) NOT NULL AUTO_INCREMENT, AUTO_INCREMENT=3;

--
-- AUTO_INCREMENT for table `jurusan`
--
ALTER TABLE `jurusan`
  MODIFY `id_jurusan` int(11) NOT NULL AUTO_INCREMENT, AUTO_INCREMENT=9;

--
-- AUTO_INCREMENT for table `kelas`
--
ALTER TABLE `kelas`
  MODIFY `id_kelas` int(11) NOT NULL AUTO_INCREMENT, AUTO_INCREMENT=4;

--
-- AUTO_INCREMENT for table `nilai`
--
ALTER TABLE `nilai`
  MODIFY `id_nilai` int(11) NOT NULL AUTO_INCREMENT, AUTO_INCREMENT=41;

--
-- AUTO_INCREMENT for table `pelajaran`
--
ALTER TABLE `pelajaran`
  MODIFY `id_pelajaran` int(11) NOT NULL AUTO_INCREMENT, AUTO_INCREMENT=9;

--
-- AUTO_INCREMENT for table `siswa`
--
ALTER TABLE `siswa`
  MODIFY `id_siswa` int(11) NOT NULL AUTO_INCREMENT, AUTO_INCREMENT=23;
COMMIT;

/*!40101 SET CHARACTER_SET_CLIENT=@OLD_CHARACTER_SET_CLIENT */;
/*!40101 SET CHARACTER_SET_RESULTS=@OLD_CHARACTER_SET_RESULTS */;
/*!40101 SET COLLATION_CONNECTION=@OLD_COLLATION_CONNECTION */;
